movie_title,hero_gender,hero_gender2,release_date,genre,MPAA_rating,total_gross,inflation_adjusted_gross
Snow White and the Seven Dwarfs,female,2,21-Dec-37,Musical,G,"$184,925,485 ","$5,228,953,251 "
Pinocchio,male,1,9-Feb-40,Adventure,G,"$84,300,000 ","$2,188,229,052 "
Fantasia,male,1,13-Nov-40,Musical,G,"$83,320,000 ","$2,187,090,808 "
Song of the South,female,2,12-Nov-46,Adventure,G,"$65,000,000 ","$1,078,510,579 "
Cinderella,female,2,15-Feb-50,Drama,G,"$85,000,000 ","$920,608,730 "
"20,000 Leagues Under the Sea",male,1,23-Dec-54,Adventure,,"$28,200,000 ","$528,279,994 "
Lady and the Tramp,female,2,22-Jun-55,Drama,G,"$93,600,000 ","$1,236,035,515 "
Sleeping Beauty,female,2,29-Jan-59,Drama,,"$9,464,608 ","$21,505,832 "
101 Dalmatians,male,1,25-Jan-61,Comedy,G,"$153,000,000 ","$1,362,870,985 "
The Absent Minded Professor,male,1,16-Mar-61,Comedy,,"$25,381,407 ","$310,094,574 "
Babes in Toyland,female,2,14-Dec-61,Musical,G,"$10,218,316 ","$124,841,160 "
Bon Voyage!,male,1,17-May-62,Comedy,Not Rated,"$9,230,769 ","$109,581,646 "
The Sword in the Stone,male,1,25-Dec-63,Adventure,,"$22,182,353 ","$153,870,834 "
The Jungle Book,male,1,18-Oct-67,Musical,Not Rated,"$141,843,000 ","$789,612,346 "
Blackbeard's Ghost,male,1,8-Feb-68,Comedy,,"$21,540,050 ","$138,612,686 "
The Aristocats,male,1,24-Apr-70,Musical,G,"$55,675,257 ","$255,161,499 "
The Boatniks,female,2,1-Jul-70,Comedy,,"$18,607,492 ","$101,200,742 "
Bedknobs and Broomsticks,female,2,7-Oct-71,Musical,,"$17,871,174 ","$91,305,448 "
The Apple Dumpling Gang,female,2,1-Jul-75,Comedy,,"$31,916,500 ","$131,246,872 "
Freaky Friday,male,1,21-Jan-77,Comedy,,"$25,942,000 ","$98,067,733 "
The Many Adventures of Winnie the Pooh,male,1,11-Mar-77,,,$0 ,$0 
The Rescuers,male,1,22-Jun-77,Adventure,,"$48,775,599 ","$159,743,914 "
Herbie Goes to Monte Carlo,male,1,24-Jun-77,,,"$28,000,000 ","$105,847,527 "
The Black Hole,male,1,21-Dec-79,,,"$35,841,901 ","$120,377,374 "
Midnight Madness,female,2,8-Feb-80,,,"$2,900,000 ","$9,088,096 "
The Last Flight of Noah’s Ark,male,1,25-Jun-80,,,"$11,000,000 ","$34,472,116 "
The Devil and Max Devlin,male,1,1-Jan-81,,,"$16,000,000 ","$48,517,980 "
Amy,female,2,20-Mar-81,Drama,,$0 ,$0 
The Fox and the Hound,male,1,10-Jul-81,Comedy,,"$43,899,231 ","$133,118,889 "
Condorman,male,1,7-Aug-81,Action,,$0 ,$0 
Night Crossing,female,2,5-Feb-82,Drama,,"$4,500,000 ","$12,903,059 "
Tron,male,1,9-Jul-82,Action,,"$26,918,576 ","$77,184,895 "
Tex,male,1,19-Nov-82,Drama,,"$7,199,408 ","$20,643,199 "
Trenchcoat,female,2,11-Mar-83,Comedy,,"$4,304,286 ","$11,519,089 "
Something Wicked This Way Comes,male,1,29-Apr-83,Horror,,"$5,656,087 ","$15,136,765 "
Never Cry Wolf,male,1,7-Oct-83,Drama,,"$27,668,764 ","$70,669,955 "
Running Brave,male,1,4-Nov-83,Drama,,"$1,204,595 ","$3,223,725 "
Splash,male,1,9-Mar-84,Comedy,PG,"$62,599,495 ","$157,057,661 "
Country,male,1,29-Sep-84,Drama,,"$8,400,000 ","$21,075,000 "
Baby: Secret of the Lost Legend,male,1,22-Mar-85,Adventure,,"$14,276,095 ","$33,900,697 "
Return to Oz,female,2,21-Jun-85,Adventure,,"$10,618,813 ","$25,215,934 "
The Black Cauldron,male,1,24-Jul-85,Adventure,,"$21,288,692 ","$50,553,142 "
My Science Project,ale, ,9-Aug-85,Comedy,,"$4,100,000 ","$9,736,051 "
The Journey of Natty Gann,female,2,27-Sep-85,Drama,,"$9,468,512 ","$22,302,956 "
One Magic Christmas,male,1,22-Nov-85,Drama,,"$13,229,514 ","$31,415,432 "
Down and Out in Beverly Hills,female,2,31-Jan-86,Comedy,R,"$62,134,225 ","$141,183,693 "
Off Beat,male,1,11-Apr-86,Comedy,,"$4,842,778 ","$11,003,932 "
Ruthless People,female,2,27-Jun-86,Comedy,R,"$71,624,879 ","$162,748,712 "
The Great Mouse Detective,male,1,2-Jul-86,Adventure,,"$23,605,534 ","$53,637,367 "
Flight of the Navigator,male,1,30-Jul-86,Adventure,,"$18,564,613 ","$42,183,197 "
Tough Guys,male,1,3-Oct-86,Comedy,,"$21,458,229 ","$48,758,184 "
The Color of Money,male,1,17-Oct-86,Drama,R,"$52,293,000 ","$117,957,323 "
Outrageous Fortune,male,1,30-Jan-87,Comedy,R,"$52,864,741 ","$113,976,921 "
Tin Men,male,1,6-Mar-87,Comedy,,"$25,411,386 ","$54,787,202 "
Ernest Goes to Camp,male,1,22-May-87,Comedy,,"$23,509,382 ","$50,686,462 "
Benji the Hunted,male,1,5-Jun-87,Adventure,,"$15,212,539 ","$32,798,382 "
Adventures in Babysitting,female,2,3-Jul-87,Comedy,,"$33,790,923 ","$72,853,569 "
Stakeout,male,1,5-Aug-87,Comedy,R,"$65,673,233 ","$141,592,160 "
Can't Buy Me Love,female,2,14-Aug-87,Romantic Comedy,,"$31,623,833 ","$68,181,300 "
Hello Again,female,2,6-Nov-87,Comedy,,"$20,419,446 ","$44,024,529 "
3 Men and a Baby,male,1,25-Nov-87,Comedy,PG,"$167,780,960 ","$353,334,607 "
Good Morning Vietnam,male,1,23-Dec-87,Comedy,R,"$123,922,370 ","$254,414,837 "
Shoot to Kill,male,1,12-Feb-88,Action,,"$29,300,000 ","$60,097,074 "
D.O.A.,male,1,18-Mar-88,Thriller/Suspense,,"$12,706,478 ","$26,062,188 "
Return to Snowy River,female,2,15-Apr-88,Adventure,PG,"$13,687,027 ","$28,073,384 "
Big Business,male,1,10-Jun-88,Comedy,PG,"$40,150,487 ","$82,352,451 "
Who Framed Roger Rabbit?,male,1,22-Jun-88,Comedy,PG,"$154,112,492 ","$316,250,084 "
Cocktail,female,2,29-Jul-88,Drama,R,"$78,222,753 ","$160,442,289 "
The Rescue,male,1,5-Aug-88,Action,,"$5,855,392 ","$12,009,960 "
Heartbreak Hotel,female,2,30-Sep-88,Comedy,,"$5,509,417 ","$11,300,331 "
The Good Mother,female,2,4-Nov-88,Drama,,"$4,764,606 ","$9,772,655 "
Ernest Saves Christmas,male,1,11-Nov-88,Comedy,PG,"$28,202,109 ","$57,845,202 "
Oliver & Company,male,1,18-Nov-88,Adventure,G,"$49,576,671 ","$102,254,492 "
Beaches,female,2,21-Dec-88,Drama,PG-13,"$57,041,866 ","$120,381,757 "
Three Fugitives,male,1,27-Jan-89,Comedy,PG-13,"$40,590,000 ","$85,757,817 "
New York Stories,male,1,1-Mar-89,Drama,PG,"$10,763,469 ","$22,740,861 "
Disorganized Crime,male,1,14-Apr-89,Comedy,,"$7,210,149 ","$15,233,465 "
Dead Poets Society,male,1,2-Jun-89,Drama,PG,"$95,860,116 ","$202,531,517 "
"Honey, I Shrunk the Kids",male,1,23-Jun-89,Adventure,PG,"$130,724,172 ","$276,191,669 "
Turner & Hooch,male,1,28-Jul-89,Comedy,PG,"$71,079,915 ","$150,176,361 "
Cheetah,male,1,18-Aug-89,Adventure,,"$7,882,250 ","$16,653,473 "
An Innocent Man,male,1,6-Oct-89,Drama,R,"$19,397,847 ","$40,983,414 "
Gross Anatomy,female,2,20-Oct-89,Drama,PG-13,"$11,346,186 ","$23,972,012 "
The Little Mermaid,female,2,15-Nov-89,Adventure,G,"$111,543,479 ","$223,726,012 "
Blaze,male,1,13-Dec-89,Drama,R,"$19,049,727 ","$39,884,640 "
Stella,female,2,2-Feb-90,Drama,PG-13,"$20,062,347 ","$40,077,147 "
Where the Heart Is,female,2,23-Feb-90,Comedy,,"$1,106,475 ","$2,210,321 "
Pretty Woman,female,2,23-Mar-90,Romantic Comedy,R,"$178,406,268 ","$356,389,765 "
Ernest Goes to Jail,male,1,6-Apr-90,Comedy,PG,"$25,029,569 ","$49,999,822 "
Spaced Invaders,male,1,27-Apr-90,Comedy,PG,"$15,000,000 ","$29,964,452 "
Fire Birds,male,1,24-May-90,Action,PG-13,"$14,760,451 ","$29,485,923 "
Dick Tracy,male,1,15-Jun-90,Action,PG,"$103,738,726 ","$207,231,621 "
Betsy's Wedding,female,2,22-Jun-90,Comedy,R,"$19,740,070 ","$39,433,357 "
Arachnophobia,female,2,18-Jul-90,Thriller/Suspense,PG-13,"$53,208,180 ","$106,290,270 "
DuckTales: The Movie - Treasure of th…,male,1,3-Aug-90,Adventure,G,"$18,075,331 ","$36,107,823 "
Taking Care of Business,male,1,17-Aug-90,Comedy,R,"$20,005,435 ","$39,963,460 "
Mr. Destiny,male,1,12-Oct-90,Comedy,PG-13,"$15,379,253 ","$30,722,056 "
The Rescuers Down Under,male,1,16-Nov-90,Adventure,G,"$27,931,461 ","$55,796,728 "
3 Men and a Little Lady,male,1,21-Nov-90,Comedy,PG,"$71,609,321 ","$143,108,869 "
Green Card,male,1,25-Dec-90,Romantic Comedy,PG-13,"$29,804,169 ","$59,679,131 "
White Fang,male,1,18-Jan-91,Adventure,PG,"$34,729,091 ","$69,540,672 "
Scenes from a Mall,female,2,22-Feb-91,Comedy,,"$9,563,393 ","$19,149,495 "
Haakon Haakonsen,female,2,1-Mar-91,Adventure,PG,"$15,024,232 ","$30,084,149 "
The Marrying Man,male,1,5-Apr-91,Romantic Comedy,R,"$12,454,768 ","$24,939,118 "
Oscar,male,1,26-Apr-91,Comedy,PG,"$23,562,716 ","$47,181,395 "
One Good Cop,male,1,3-May-91,Action,R,"$11,276,846 ","$22,580,472 "
What About Bob?,male,1,17-May-91,Comedy,PG,"$63,710,000 ","$127,571,325 "
Wild Hearts Can't Be Broken,male,1,24-May-91,Drama,,"$7,300,000 ","$14,617,333 "
The Rocketeer,male,1,21-Jun-91,Action,PG,"$46,573,027 ","$93,256,673 "
The Doctor,male,1,24-Jul-91,Drama,PG-13,"$37,497,480 ","$75,084,021 "
Paradise,male,1,18-Sep-91,Drama,PG-13,"$18,634,643 ","$37,313,540 "
Deceived,male,1,27-Sep-91,Thriller/Suspense,PG-13,"$28,738,096 ","$57,544,453 "
Ernest Scared Stupid,male,1,11-Oct-91,Comedy,PG,"$14,143,280 ","$28,320,147 "
Billy Bathgate,male,1,1-Nov-91,Drama,R,"$15,565,363 ","$31,167,691 "
Beauty and the Beast,female,2,13-Nov-91,Musical,G,"$218,951,625 ","$363,017,667 "
Father of the Bride,male,1,20-Dec-91,Comedy,PG,"$89,325,780 ","$179,821,881 "
The Hand That Rocks the Cradle,female,2,10-Jan-92,Thriller/Suspense,R,"$88,036,683 ","$178,831,137 "
Medicine Man,male,1,7-Feb-92,Drama,PG-13,"$44,948,240 ","$91,304,495 "
Blame it on the Bellboy,male,1,6-Mar-92,Comedy,PG-13,"$2,891,055 ","$5,872,667 "
Noises Off...,female,2,20-Mar-92,Comedy,PG-13,"$2,280,148 ","$4,631,720 "
Straight Talk,female,2,3-Apr-92,Comedy,PG,"$21,202,099 ","$43,068,356 "
Newsies,female,2,8-Apr-92,,PG,"$2,706,352 ","$5,497,481 "
Passed Away,male,1,24-Apr-92,,PG-13,"$4,030,793 ","$8,187,848 "
Encino Man,male,1,22-May-92,Comedy,PG,"$40,057,130 ","$81,369,058 "
Sister Act,female,2,29-May-92,Comedy,PG,"$139,605,150 ","$283,583,472 "
Honey I Blew Up the Kid,male,1,17-Jul-92,Comedy,PG,"$58,662,452 ","$119,162,518 "
A Stranger Among Us,male,1,17-Jul-92,Drama,PG-13,"$12,282,994 ","$24,950,752 "
3 Ninjas,male,1,7-Aug-92,Action,PG,"$29,028,000 ","$58,965,304 "
A Gun in Betty Lou's Handbag,female,2,21-Aug-92,,PG-13,"$3,591,460 ","$7,295,423 "
Captain Ron,male,1,18-Sep-92,Comedy,PG-13,"$22,518,097 ","$45,741,576 "
Sarafina!,female,2,18-Sep-92,Drama,PG-13,"$7,306,242 ","$14,841,352 "
Innocent Blood,male,1,25-Sep-92,Horror,R,"$4,877,567 ","$9,907,922 "
The Mighty Ducks,male,1,2-Oct-92,Comedy,PG,"$50,752,337 ","$103,120,810 "
1492: Conquest of Paradise,male,1,9-Oct-92,Adventure,PG-13,"$7,099,531 ","$14,421,454 "
Consenting Adults,female,2,16-Oct-92,Drama,R,"$21,591,728 ","$43,859,823 "
Aladdin,male,1,11-Nov-92,Comedy,G,"$217,350,219 ","$441,969,178 "
The Distinguished Gentleman,male,1,4-Dec-92,Comedy,R,"$46,434,570 ","$94,349,900 "
The Muppet Christmas Carol,male,1,11-Dec-92,Comedy,G,"$27,281,507 ","$55,417,615 "
Alive,male,1,15-Jan-93,Adventure,R,"$36,299,670 ","$73,914,543 "
Aspen Extreme,female,2,22-Jan-93,Romantic Comedy,PG-13,"$7,843,388 ","$15,970,955 "
Homeward Bound: The Incredible Journey,male,1,3-Feb-93,Adventure,G,"$41,833,324 ","$85,182,343 "
The Cemetery Club,male,1,3-Feb-93,Comedy,PG-13,"$5,583,621 ","$11,369,541 "
Swing Kids,female,2,5-Mar-93,Musical,PG-13,"$5,632,086 ","$11,468,231 "
A Far Off Place,male,1,12-Mar-93,Adventure,PG,"$12,890,752 ","$26,248,558 "
Born Yesterday,male,1,26-Mar-93,Romantic Comedy,PG,"$17,760,754 ","$36,165,012 "
The Adventures of Huck Finn,male,1,2-Apr-93,Adventure,PG,"$24,103,594 ","$49,080,505 "
Bound by Honor,male,1,16-Apr-93,,R,"$4,496,583 ","$9,156,084 "
Indian Summer,female,2,23-Apr-93,Comedy,R,"$14,717,851 ","$29,968,953 "
Super Mario Bros.,male,1,28-May-93,Action,PG,"$20,844,907 ","$42,445,058 "
Guilty as Sin,male,1,4-Jun-93,Thriller/Suspense,R,"$22,622,537 ","$46,064,723 "
Life With Mikey,male,1,4-Jun-93,Comedy,PG,"$12,349,549 ","$25,146,538 "
What's Love Got to Do With It,female,2,9-Jun-93,Drama,R,"$39,100,956 ","$79,618,610 "
Son in Law,male,1,2-Jul-93,Comedy,PG-13,"$25,989,889 ","$52,921,433 "
Hocus Pocus,female,2,16-Jul-93,Comedy,PG,"$39,360,491 ","$80,147,079 "
Another Stakeout,male,1,23-Jul-93,Comedy,PG-13,"$20,107,504 ","$40,943,541 "
My Boyfriend's Back,female,2,6-Aug-93,,PG-13,"$3,218,882 ","$6,554,384 "
Father Hood,male,1,27-Aug-93,,PG-13,"$3,268,203 ","$6,654,819 "
The Joy Luck Club,female,2,8-Sep-93,Drama,R,"$32,790,064 ","$66,768,171 "
Money for Nothing,female,2,10-Sep-93,Comedy,R,"$1,044,824 ","$2,127,496 "
The Program,female,2,24-Sep-93,Action,R,"$23,042,200 ","$46,919,256 "
Cool Runnings,male,1,1-Oct-93,Comedy,PG,"$68,856,263 ","$140,392,731 "
The Nightmare Before Christmas,male,1,13-Oct-93,Musical,PG,"$50,408,318 ","$100,026,637 "
The Three Musketeers,male,1,12-Nov-93,Adventure,PG,"$53,661,805 ","$109,310,377 "
Sister Act 2 Back in the Habit,female,2,10-Dec-93,Comedy,PG,"$57,319,029 ","$116,965,668 "
Tombstone,male,1,25-Dec-93,Western,R,"$56,505,065 ","$115,781,734 "
The Air Up There,male,1,7-Jan-94,Comedy,PG,"$20,782,439 ","$42,940,186 "
Cabin Boy,male,1,7-Jan-94,Comedy,PG-13,"$3,469,493 ","$7,168,577 "
Iron Will,male,1,14-Jan-94,Drama,PG,"$20,623,071 ","$42,610,902 "
Red Rock West,male,1,28-Jan-94,,R,"$2,502,551 ","$5,170,709 "
Blank Check,male,1,11-Feb-94,Comedy,PG,"$30,573,770 ","$63,170,804 "
Angie,female,2,4-Mar-94,Comedy,R,"$9,252,349 ","$19,116,981 "
The Ref,male,1,9-Mar-94,Comedy,R,"$11,325,885 ","$23,401,275 "
D2: The Mighty Ducks,male,1,25-Mar-94,Comedy,PG,"$45,604,206 ","$94,226,333 "
Holy Matrimony,female,2,8-Apr-94,Comedy,,"$713,234 ","$1,473,665 "
White Fang 2: Myth of the White Wolf,male,1,15-Apr-94,Adventure,PG,"$8,752,399 ","$18,083,994 "
The Inkwell,male,1,22-Apr-94,Comedy,R,"$8,864,699 ","$18,316,030 "
When a Man Loves a Woman,female,2,29-Apr-94,Drama,R,"$50,021,959 ","$103,354,194 "
3 Ninjas Kick Back,male,1,6-May-94,Action,PG,"$11,744,960 ","$24,267,154 "
Renaissance Man,male,1,3-Jun-94,Comedy,PG-13,"$24,172,899 ","$49,945,474 "
The Lion King,male,1,15-Jun-94,Adventure,G,"$422,780,140 ","$761,640,898 "
I Love Trouble,male,1,29-Jun-94,Romantic Comedy,PG,"$30,806,194 ","$63,651,027 "
Angels in the Outfield,female,2,15-Jul-94,Comedy,PG,"$50,236,831 ","$103,798,152 "
In the Army Now,male,1,12-Aug-94,Comedy,PG,"$28,881,266 ","$59,673,787 "
Color of Night,male,1,19-Aug-94,Thriller/Suspense,R,"$19,750,470 ","$40,804,816 "
Camp Nowhere,male,1,26-Aug-94,Comedy,PG,"$10,442,641 ","$21,576,332 "
It's Pat,female,2,26-Aug-94,Comedy,,"$60,822 ","$125,666 "
A Simple Twist of Fate,female,2,2-Sep-94,Drama,PG-13,"$3,404,935 ","$7,035,189 "
Quiz Show,male,1,14-Sep-94,Drama,PG-13,"$24,787,282 ","$50,840,394 "
Terminal Velocity,male,1,23-Sep-94,Action,PG-13,"$16,478,900 ","$34,048,315 "
Ed Wood,male,1,30-Sep-94,Comedy,R,"$5,828,466 ","$12,042,634 "
The Puppet Masters,, ,21-Oct-94,Horror,R,"$8,579,626 ","$17,727,017 "
Squanto: A Warrior's Tale,, ,28-Oct-94,Drama,PG,"$3,319,344 ","$6,858,345 "
The Santa Clause,, ,11-Nov-94,Comedy,PG,"$144,833,357 ","$298,369,717 "
A Low Down Dirty Shame,, ,23-Nov-94,Action,R,"$29,317,886 ","$60,321,919 "
The Jungle Book,, ,25-Dec-94,Adventure,PG,"$44,342,956 ","$88,930,321 "
Houseguest,, ,6-Jan-95,Comedy,PG,"$26,325,256 ","$51,016,522 "
Bad Company,, ,20-Jan-95,Thriller/Suspense,R,"$3,523,909 ","$6,829,092 "
Miami Rhapsody,, ,27-Jan-95,Romantic Comedy,PG-13,"$5,086,578 ","$9,857,435 "
The Jerky Boys,, ,3-Feb-95,Comedy,R,"$7,555,256 ","$14,641,561 "
Heavy Weights,, ,17-Feb-95,Comedy,PG,"$17,671,310 ","$34,245,779 "
Man of the House,, ,3-Mar-95,Comedy,PG,"$40,029,009 ","$77,573,459 "
Roommates,, ,3-Mar-95,Comedy,PG,"$12,076,989 ","$23,404,369 "
Tall Tale,, ,24-Mar-95,Western,PG,"$8,247,627 ","$15,983,331 "
A Pyromaniac's Love Story,, ,28-Mar-95,Romantic Comedy,PG,"$468,240 ","$907,414 "
Jefferson in Paris,, ,31-Mar-95,Drama,PG-13,"$2,461,628 ","$4,770,461 "
Funny Bones,, ,31-Mar-95,Comedy,R,"$529,135 ","$1,025,425 "
A Goofy Movie,, ,7-Apr-95,Comedy,G,"$35,336,439 ","$68,479,579 "
While You Were Sleeping,, ,21-Apr-95,Romantic Comedy,PG,"$81,057,016 ","$157,082,900 "
Crimson Tide,, ,12-May-95,Action,R,"$91,387,195 ","$177,102,077 "
Mad Love,, ,26-May-95,Drama,PG-13,"$15,446,532 ","$29,934,306 "
Pocahontas,, ,10-Jun-95,Adventure,G,"$141,579,773 ","$274,370,957 "
Judge Dredd,, ,30-Jun-95,Action,R,"$34,687,912 ","$67,222,776 "
Operation Dumbo Drop,, ,28-Jul-95,Adventure,PG,"$24,670,346 ","$47,809,421 "
Dangerous Minds,, ,11-Aug-95,Drama,R,"$84,919,401 ","$164,552,293 "
A Kid in King Arthur's Court,, ,11-Aug-95,Adventure,PG,"$13,406,717 ","$25,981,285 "
The Tie That Binds,, ,8-Sep-95,Thriller/Suspense,R,"$5,762,795 ","$11,167,895 "
Unstrung Heroes,, ,15-Sep-95,Drama,PG,"$7,929,000 ","$15,365,850 "
The Big Green,, ,29-Sep-95,Comedy,PG,"$17,736,619 ","$34,372,339 "
Dead Presidents,, ,4-Oct-95,Drama,R,"$24,120,194 ","$46,741,467 "
The Scarlet Letter,, ,13-Oct-95,Drama,R,"$10,359,006 ","$20,075,033 "
Feast of July,, ,13-Oct-95,Drama,R,"$293,274 ","$568,342 "
Powder,, ,27-Oct-95,Drama,PG-13,"$30,833,914 ","$59,727,216 "
Toy Story,, ,22-Nov-95,Adventure,G,"$191,796,233 ","$370,409,631 "
Father of the Bride Part II,, ,8-Dec-95,Comedy,PG,"$76,578,911 ","$147,658,438 "
Nixon,, ,20-Dec-95,Drama,R,"$13,668,249 ","$26,302,005 "
Tom and Huck,, ,22-Dec-95,Adventure,PG,"$23,837,227 ","$45,911,517 "
Mr. Holland's Opus,, ,29-Dec-95,Drama,PG,"$82,582,604 ","$157,508,868 "
White Squall,, ,2-Feb-96,Adventure,PG-13,"$10,229,300 ","$19,509,726 "
Muppet Treasure Island,, ,16-Feb-96,Adventure,G,"$34,327,391 ","$65,470,567 "
Mr. Wrong,, ,16-Feb-96,Romantic Comedy,PG-13,"$12,805,071 ","$24,422,334 "
Before and After,, ,23-Feb-96,Drama,PG-13,"$8,642,118 ","$16,482,589 "
Up Close & Personal,, ,1-Mar-96,Drama,PG-13,"$51,045,801 ","$97,356,578 "
Homeward Bound II: Lost in San Franc…,, ,8-Mar-96,Adventure,G,"$32,709,423 ","$62,384,706 "
Two Much,, ,15-Mar-96,Romantic Comedy,PG-13,"$1,078,555 ","$2,057,055 "
Un indien dans la ville,, ,22-Mar-96,Comedy,PG,"$1,029,731 ","$1,963,937 "
James and the Giant Peach,, ,12-Apr-96,Adventure,PG,"$28,921,264 ","$55,159,783 "
Celtic Pride,, ,19-Apr-96,Comedy,PG-13,"$9,240,378 ","$17,623,615 "
Last Dance,, ,3-May-96,Drama,R,"$5,857,534 ","$11,171,714 "
Boys,, ,10-May-96,Drama,PG-13,"$21,930,418 ","$41,826,566 "
Spy Hard,, ,24-May-96,Comedy,PG-13,"$26,936,265 ","$51,373,912 "
Eddie,, ,31-May-96,Comedy,PG-13,"$31,369,401 ","$59,828,966 "
The Rock,, ,7-Jun-96,Action,R,"$134,069,511 ","$255,702,705 "
The Hunchback of Notre Dame,, ,21-Jun-96,Adventure,G,"$100,138,851 ","$190,988,799 "
Phenomenon,, ,5-Jul-96,Drama,PG,"$104,636,382 ","$199,559,799 "
Kazaam,, ,17-Jul-96,Comedy,PG,"$18,880,508 ","$36,009,655 "
Jack,, ,9-Aug-96,Drama,PG-13,"$58,617,334 ","$111,792,852 "
First Kid,, ,30-Aug-96,Comedy,PG,"$26,465,920 ","$50,465,108 "
The Rich Man's Wife,, ,13-Sep-96,Thriller/Suspense,R,"$8,538,318 ","$16,284,619 "
D3: The Mighty Ducks,, ,4-Oct-96,Comedy,PG,"$22,936,273 ","$43,713,554 "
The Associate,, ,25-Oct-96,Comedy,PG-13,"$12,772,657 ","$24,333,094 "
Ransom,, ,8-Nov-96,Action,R,"$136,492,681 ","$259,807,820 "
The War at Home,, ,20-Nov-96,,R,"$34,368 ","$65,543 "
101 Dalmatians,, ,27-Nov-96,Comedy,G,"$136,189,294 ","$258,728,898 "
The Preacher's Wife,, ,13-Dec-96,Drama,PG,"$48,102,795 ","$91,076,877 "
Evita,, ,25-Dec-96,Musical,PG,"$50,047,179 ","$92,077,628 "
Metro,, ,17-Jan-97,Action,R,"$32,017,895 ","$58,804,106 "
Prefontaine,, ,24-Jan-97,Drama,PG-13,"$590,817 ","$1,085,093 "
Shadow Conspiracy,, ,31-Jan-97,Thriller/Suspense,R,"$2,154,540 ","$3,957,025 "
That Darn Cat,, ,14-Feb-97,Comedy,PG,"$18,301,828 ","$33,613,158 "
Jungle 2 Jungle,, ,7-Mar-97,Comedy,PG,"$59,925,026 ","$110,058,379 "
The Sixth Man,, ,28-Mar-97,Comedy,PG-13,"$14,765,099 ","$27,117,599 "
Grosse Pointe Blank,, ,11-Apr-97,Black Comedy,R,"$28,084,357 ","$51,579,764 "
Romy and Michele's High School Reunion,, ,25-Apr-97,Comedy,R,"$29,235,353 ","$53,693,680 "
Gone Fishin',, ,30-May-97,Comedy,PG,"$19,745,922 ","$36,265,379 "
Con Air,, ,6-Jun-97,Action,R,"$101,117,573 ","$185,712,664 "
Hercules,, ,13-Jun-97,Adventure,G,"$99,112,101 ","$182,029,412 "
George Of The Jungle,, ,16-Jul-97,Comedy,PG,"$105,263,257 ","$193,326,632 "
Nothing To Lose,, ,18-Jul-97,Comedy,R,"$44,480,039 ","$81,692,095 "
Air Bud,, ,1-Aug-97,Comedy,PG,"$24,646,936 ","$45,266,588 "
G.I. Jane,, ,22-Aug-97,Drama,R,"$48,169,156 ","$88,467,531 "
A Thousand Acres,, ,19-Sep-97,Drama,R,"$7,928,412 ","$14,561,324 "
Washington Square,, ,5-Oct-97,Drama,PG,"$1,775,644 ","$3,257,546 "
Rocket Man,, ,10-Oct-97,Comedy,PG,"$15,448,043 ","$28,371,890 "
Playing God,, ,17-Oct-97,Thriller/Suspense,R,"$4,166,918 ","$7,652,965 "
Flubber,, ,26-Nov-97,Comedy,PG,"$92,993,801 ","$170,406,423 "
An American Werewolf in Paris,, ,25-Dec-97,Horror,R,"$26,570,463 ","$48,546,161 "
Mr. Magoo,, ,25-Dec-97,Comedy,PG,"$21,437,192 ","$39,145,784 "
Kundun,, ,25-Dec-97,Drama,PG-13,"$5,686,694 ","$10,236,836 "
Deep Rising,, ,30-Jan-98,Action,R,"$11,203,026 ","$20,136,775 "
Krippendorf's Tribe,, ,27-Feb-98,Comedy,PG-13,"$7,571,115 ","$13,608,633 "
An Alan Smithee Film: Burn Hollywood …,, ,27-Feb-98,Comedy,R,"$45,779 ","$82,277 "
Meet the Deedles,, ,27-Mar-98,Comedy,PG,"$4,356,126 ","$7,829,877 "
He Got Game,, ,1-May-98,Drama,R,"$21,567,853 ","$38,766,948 "
The Horse Whisperer,, ,15-May-98,Drama,PG-13,"$75,383,563 ","$135,497,531 "
"Six Days, Seven Nights",, ,12-Jun-98,Romantic Comedy,PG-13,"$74,339,294 ","$133,620,516 "
Mulan,, ,19-Jun-98,Adventure,G,"$120,620,254 ","$216,807,832 "
Armageddon,, ,1-Jul-98,Adventure,PG-13,"$201,578,182 ","$362,324,957 "
Jane Austen's Mafia,, ,24-Jul-98,Comedy,PG-13,"$19,843,795 ","$35,668,055 "
The Parent Trap,, ,29-Jul-98,Comedy,PG,"$66,308,518 ","$119,185,667 "
Firelight,, ,4-Sep-98,Drama,R,"$784,419 ","$1,409,943 "
Simon Birch,, ,11-Sep-98,Drama,PG,"$18,253,415 ","$32,809,442 "
Holy Man,, ,9-Oct-98,Comedy,PG,"$12,069,719 ","$21,694,605 "
Beloved,, ,16-Oct-98,Drama,R,"$22,852,487 ","$41,062,682 "
The Waterboy,, ,6-Nov-98,Comedy,PG-13,"$161,491,646 ","$288,691,833 "
I'll Be Home For Christmas,, ,13-Nov-98,Comedy,PG,"$12,214,338 ","$21,941,840 "
A Bug's Life,, ,20-Nov-98,Adventure,G,"$162,798,565 ","$288,981,698 "
Enemy of the State,, ,20-Nov-98,Action,R,"$111,549,836 ","$198,472,008 "
Rushmore,, ,11-Dec-98,Black Comedy,R,"$17,105,219 ","$28,392,518 "
A Civil Action,, ,25-Dec-98,Drama,PG-13,"$56,709,981 ","$94,139,530 "
Mighty Joe Young,, ,25-Dec-98,Adventure,PG,"$50,632,037 ","$87,906,042 "
My Favorite Martian,, ,12-Feb-99,Comedy,PG,"$36,850,101 ","$61,150,849 "
The Other Sister,, ,26-Feb-99,Romantic Comedy,PG-13,"$27,807,627 ","$46,145,331 "
Doug's 1st Movie,, ,26-Mar-99,Adventure,G,"$19,421,271 ","$32,228,598 "
Ten Things I Hate About You,, ,31-Mar-99,Romantic Comedy,PG-13,"$38,177,966 ","$63,354,375 "
Endurance,, ,14-May-99,,PG,"$229,128 ","$380,218 "
Instinct,, ,4-Jun-99,Drama,R,"$34,105,207 ","$56,595,842 "
Tarzan,, ,16-Jun-99,Adventure,G,"$171,091,819 ","$283,900,254 "
Summer of Sam,, ,2-Jul-99,Drama,R,"$19,288,130 ","$32,007,656 "
Inspector Gadget,, ,23-Jul-99,Comedy,PG,"$97,387,965 ","$161,610,341 "
The Sixth Sense,, ,6-Aug-99,Thriller/Suspense,PG-13,"$293,506,292 ","$485,424,724 "
The 13th Warrior,, ,27-Aug-99,Action,R,"$32,698,899 ","$54,262,148 "
Breakfast of Champions,, ,17-Sep-99,Comedy,R,"$178,287 ","$295,851 "
Mumford,, ,24-Sep-99,Comedy,R,"$4,559,569 ","$7,566,363 "
"Mystery, Alaska",, ,1-Oct-99,Comedy,R,"$8,891,623 ","$14,755,189 "
The Straight Story,, ,15-Oct-99,Drama,G,"$6,197,866 ","$10,111,144 "
The Insider,, ,5-Nov-99,Drama,R,"$28,965,197 ","$47,794,214 "
Toy Story 2,, ,19-Nov-99,Adventure,G,"$245,852,179 ","$404,450,426 "
Cradle Will Rock,, ,8-Dec-99,Drama,R,"$2,899,970 ","$4,609,153 "
Deuce Bigalow: Male Gigolo,, ,10-Dec-99,Comedy,R,"$65,535,067 ","$106,921,374 "
Bicentennial Man,, ,17-Dec-99,Drama,PG,"$58,220,776 ","$94,838,225 "
Play it to the Bone,, ,24-Dec-99,Comedy,R,"$8,427,204 ","$13,180,524 "
Fantasia 2000 (IMAX),, ,1-Jan-00,Musical,G,"$60,507,228 ","$94,852,354 "
Gun Shy,, ,4-Feb-00,Comedy,R,"$1,638,202 ","$2,562,155 "
The Tigger Movie,, ,11-Feb-00,Adventure,G,"$45,542,421 ","$71,228,678 "
Mission to Mars,, ,10-Mar-00,Adventure,PG,"$60,874,615 ","$95,208,344 "
High Fidelity,, ,31-Mar-00,Comedy,R,"$27,277,055 ","$42,661,516 "
Keeping the Faith,, ,14-Apr-00,Romantic Comedy,PG-13,"$37,036,404 ","$57,925,202 "
Dinosaur,, ,19-May-00,Adventure,PG,"$137,748,063 ","$215,438,985 "
Shanghai Noon,, ,26-May-00,Western,PG-13,"$56,932,305 ","$89,042,541 "
Gone in 60 Seconds,, ,9-Jun-00,Action,PG-13,"$101,643,008 ","$158,970,411 "
Fantasia 2000 (Theatrical Release),, ,16-Jun-00,Musical,G,"$9,103,630 ","$14,238,144 "
The Kid,, ,7-Jul-00,Comedy,PG,"$69,688,384 ","$108,993,148 "
Coyote Ugly,, ,4-Aug-00,Drama,PG-13,"$60,786,269 ","$95,070,168 "
The Crew,, ,25-Aug-00,Comedy,PG-13,"$13,019,253 ","$20,362,201 "
Duets,, ,15-Sep-00,Drama,R,"$4,734,235 ","$7,404,372 "
Remember the Titans,, ,29-Sep-00,Drama,PG,"$115,654,751 ","$180,742,479 "
Unbreakable,, ,22-Nov-00,Thriller/Suspense,PG-13,"$94,999,143 ","$148,208,901 "
102 Dalmatians,, ,22-Nov-00,Comedy,G,"$66,941,559 ","$104,055,039 "
The Emperor's New Groove,, ,15-Dec-00,Adventure,G,"$89,296,573 ","$136,789,252 "
"O Brother, Where Art Thou?",, ,22-Dec-00,Comedy,PG-13,"$45,506,619 ","$67,922,002 "
Double Take,, ,12-Jan-01,Action,PG-13,"$29,823,162 ","$44,418,589 "
Recess: School's Out,, ,16-Feb-01,Comedy,G,"$36,696,761 ","$54,656,124 "
Just Visiting,, ,6-Apr-01,Comedy,PG-13,"$4,777,007 ","$7,114,869 "
Pearl Harbor,, ,25-May-01,Action,PG-13,"$198,539,855 ","$295,705,112 "
Atlantis: The Lost Empire,, ,8-Jun-01,Adventure,PG,"$84,052,762 ","$125,188,122 "
crazy/beautiful,, ,29-Jun-01,Drama,PG-13,"$16,929,123 ","$25,214,223 "
The Princess Diaries,, ,3-Aug-01,Comedy,G,"$108,244,774 ","$161,218,928 "
Bubble Boy,, ,24-Aug-01,Comedy,PG-13,"$5,002,310 ","$7,450,434 "
Max Keeble's Big Move,, ,5-Oct-01,Comedy,PG,"$17,292,381 ","$25,749,730 "
Corky Romano,, ,12-Oct-01,Comedy,PG-13,"$23,978,402 ","$35,705,805 "
High Heels and Low Lifes,, ,26-Oct-01,,R,"$226,792 ","$337,782 "
"Monsters, Inc.",, ,2-Nov-01,Adventure,G,"$289,423,425 ","$416,073,179 "
Out Cold,, ,21-Nov-01,Comedy,PG-13,"$13,906,394 ","$20,700,691 "
The Royal Tenenbaums,, ,14-Dec-01,Black Comedy,R,"$52,353,636 ","$76,758,193 "
Beauty and the Beast (IMAX),, ,1-Jan-02,Musical,G,"$25,487,028 ","$36,980,311 "
Frank McKlusky C.I.,, ,1-Jan-02,,,$0 ,$0 
Snow Dogs,, ,18-Jan-02,Comedy,PG,"$81,150,692 ","$117,745,317 "
The Count of Monte Cristo,, ,25-Jan-02,Drama,PG-13,"$54,228,104 ","$78,682,079 "
Peter Pan: Return to Neverland,, ,15-Feb-02,Adventure,G,"$48,430,258 ","$70,269,715 "
Reign of Fire,, ,19-Feb-02,Action,PG-13,"$43,061,982 ","$62,480,631 "
Sorority Boys,, ,22-Mar-02,Comedy,R,"$10,198,766 ","$14,797,862 "
The Rookie,, ,29-Mar-02,Drama,G,"$75,600,072 ","$109,691,666 "
Big Trouble,, ,5-Apr-02,Comedy,PG-13,"$7,262,288 ","$10,537,188 "
ESPN's Ultimate X - The Movie,, ,10-May-02,Documentary,PG,"$4,197,175 ","$6,089,874 "
Bad Company,, ,7-Jun-02,Action,PG-13,"$30,157,016 ","$43,756,218 "
Lilo & Stitch,, ,21-Jun-02,Adventure,PG,"$145,771,527 ","$211,506,702 "
The Country Bears,, ,26-Jul-02,Adventure,G,"$16,988,996 ","$24,650,121 "
Signs,, ,2-Aug-02,Thriller/Suspense,PG-13,"$227,965,690 ","$330,754,439 "
Sen to Chihiro no Kamikakushi,, ,20-Sep-02,Adventure,PG,"$10,049,886 ","$14,338,992 "
Sweet Home Alabama,, ,27-Sep-02,Comedy,PG-13,"$127,214,072 ","$184,521,151 "
Moonlight Mile,, ,27-Sep-02,Drama,PG-13,"$6,830,957 ","$9,909,094 "
Tuck Everlasting,, ,11-Oct-02,Drama,PG,"$19,161,999 ","$27,789,959 "
The Santa Clause 2,, ,1-Nov-02,Comedy,G,"$139,225,854 ","$201,959,095 "
Treasure Planet,, ,27-Nov-02,Adventure,PG,"$38,120,554 ","$55,189,145 "
The Hot Chick,, ,13-Dec-02,Comedy,PG-13,"$35,081,550 ","$50,624,654 "
25th Hour,, ,19-Dec-02,Drama,R,"$13,084,595 ","$18,325,463 "
The Recruit,, ,31-Jan-03,Thriller/Suspense,PG-13,"$52,784,696 ","$73,793,522 "
Shanghai Knights,, ,7-Feb-03,Adventure,PG-13,"$60,470,220 ","$84,537,962 "
The Jungle Book 2,, ,14-Feb-03,Adventure,G,"$47,901,582 ","$66,966,883 "
Bringing Down the House,, ,7-Mar-03,Comedy,PG-13,"$132,675,402 ","$185,481,530 "
Piglet's Big Movie,, ,21-Mar-03,Comedy,G,"$23,103,423 ","$32,298,812 "
Ghosts of the Abyss,, ,11-Apr-03,Documentary,G,"$17,093,668 ","$23,803,108 "
Holes,, ,18-Apr-03,Drama,PG,"$67,383,924 ","$94,203,395 "
The Lizzie McGuire Movie,, ,2-May-03,Comedy,PG,"$42,734,455 ","$59,743,191 "
Finding Nemo,, ,30-May-03,Adventure,G,"$380,529,370 ","$518,148,559 "
Pirates of the Caribbean: The Curse o…,, ,9-Jul-03,Adventure,PG-13,"$305,411,224 ","$426,967,926 "
Freaky Friday,, ,6-Aug-03,Comedy,PG,"$110,222,438 ","$154,090,360 "
Open Range,, ,15-Aug-03,Western,R,"$58,331,254 ","$81,547,672 "
Cold Creek Manor,, ,19-Sep-03,Thriller/Suspense,R,"$21,384,035 ","$29,895,090 "
Under the Tuscan Sun,, ,26-Sep-03,Comedy,PG-13,"$43,601,508 ","$60,944,053 "
Veronica Guerin,, ,17-Oct-03,Drama,R,"$1,569,918 ","$2,194,759 "
Brother Bear,, ,24-Oct-03,Adventure,G,"$85,336,277 ","$119,218,333 "
The Haunted Mansion,, ,26-Nov-03,Comedy,PG,"$75,817,994 ","$105,775,678 "
Calendar Girls,, ,19-Dec-03,Comedy,PG-13,"$31,011,616 ","$42,379,650 "
Young Black Stallion,, ,25-Dec-03,Adventure,G,"$6,751,389 ","$9,254,344 "
Teacher's Pet: The Movie,, ,16-Jan-04,Comedy,PG,"$6,491,969 ","$8,812,764 "
Miracle,, ,6-Feb-04,Drama,PG,"$64,378,093 ","$87,392,478 "
Confessions of a Teenage Drama Queen,, ,20-Feb-04,Comedy,PG,"$29,331,068 ","$39,816,568 "
Hidalgo,, ,5-Mar-04,Western,PG-13,"$67,286,731 ","$91,340,921 "
The Ladykillers,, ,26-Mar-04,Comedy,R,"$39,692,139 ","$53,881,593 "
Home on the Range,, ,2-Apr-04,Comedy,PG,"$50,026,353 ","$67,910,166 "
The Alamo,, ,9-Apr-04,Western,PG-13,"$22,406,362 ","$30,416,359 "
Raising Helen,, ,28-May-04,Comedy,PG-13,"$37,485,528 ","$50,886,144 "
Around the World in 80 Days,, ,16-Jun-04,Adventure,PG,"$24,004,159 ","$32,585,356 "
America's Heart and Soul,, ,2-Jul-04,Documentary,Not Rated,"$314,000 ","$426,246 "
King Arthur,, ,7-Jul-04,Adventure,PG-13,"$51,877,963 ","$70,423,706 "
The Village,, ,30-Jul-04,Thriller/Suspense,PG-13,"$114,197,520 ","$155,021,748 "
The Princess Diaries 2: Royal Engagement,, ,11-Aug-04,Romantic Comedy,G,"$95,149,435 ","$129,164,207 "
Mr. 3000,, ,17-Sep-04,Comedy,PG-13,"$21,800,302 ","$29,593,641 "
The Last Shot,, ,24-Sep-04,Comedy,R,"$463,730 ","$629,502 "
Ladder 49,, ,1-Oct-04,Action,PG-13,"$74,541,707 ","$101,161,045 "
The Incredibles,, ,5-Nov-04,Adventure,PG,"$261,441,092 ","$354,488,708 "
National Treasure,, ,19-Nov-04,Adventure,PG,"$173,005,002 ","$234,069,353 "
The Life Aquatic with Steve Zissou,, ,10-Dec-04,Comedy,R,"$24,006,726 ","$32,198,655 "
Aliens of the Deep,, ,28-Jan-05,Documentary,G,"$8,968,684 ","$11,740,942 "
Pooh's Heffalump Movie,, ,11-Feb-05,Adventure,G,"$18,098,433 ","$23,801,835 "
The Pacifier,, ,4-Mar-05,Comedy,PG,"$113,006,880 ","$148,619,029 "
Ice Princess,, ,18-Mar-05,Comedy,G,"$24,381,334 ","$32,064,685 "
A Lot Like Love,, ,22-Apr-05,Comedy,PG-13,"$21,835,784 ","$28,716,947 "
The Hitchhiker's Guide to the Galaxy,, ,29-Apr-05,Comedy,PG,"$51,019,112 ","$67,096,891 "
Hauru no ugoku shiro,, ,10-Jun-05,Adventure,PG,"$4,710,455 ","$6,194,870 "
Herbie: Fully Loaded,, ,22-Jun-05,Comedy,G,"$66,010,682 ","$86,812,798 "
Dark Water,, ,8-Jul-05,Thriller/Suspense,PG-13,"$25,473,093 ","$33,500,491 "
Sky High,, ,29-Jul-05,Adventure,PG,"$63,939,454 ","$84,088,854 "
Valiant,, ,19-Aug-05,Adventure,G,"$19,478,106 ","$25,616,292 "
Flightplan,, ,23-Sep-05,Thriller/Suspense,PG-13,"$89,706,988 ","$117,960,425 "
The Greatest Game Ever Played,, ,30-Sep-05,Drama,PG,"$15,331,289 ","$20,162,672 "
Shopgirl,, ,21-Oct-05,Drama,R,"$10,284,523 ","$13,519,621 "
Chicken Little,, ,4-Nov-05,Adventure,G,"$135,386,665 ","$177,954,661 "
"The Chronicles of Narnia: The Lion, t…",, ,9-Dec-05,Adventure,PG,"$291,710,957 ","$381,557,539 "
Casanova,, ,25-Dec-05,Drama,R,"$11,304,403 ","$14,574,087 "
Glory Road,, ,13-Jan-06,Drama,PG,"$42,647,449 ","$54,888,236 "
Annapolis,, ,27-Jan-06,Drama,PG-13,"$17,127,992 ","$22,044,113 "
Roving Mars,, ,27-Jan-06,Documentary,G,"$10,407,978 ","$12,948,025 "
Eight Below,, ,17-Feb-06,Adventure,PG,"$81,612,565 ","$105,037,235 "
The Shaggy Dog,, ,10-Mar-06,Comedy,PG,"$61,123,569 ","$78,667,428 "
Stay Alive,, ,24-Mar-06,Horror,PG-13,"$23,086,480 ","$29,712,825 "
The Wild,, ,14-Apr-06,Adventure,G,"$37,384,046 ","$48,114,115 "
Stick It,, ,28-Apr-06,Comedy,PG-13,"$26,910,736 ","$34,634,731 "
Goal! The Dream Begins,, ,12-May-06,Drama,PG,"$4,283,255 ","$5,512,647 "
Cars,, ,9-Jun-06,Comedy,G,"$244,082,982 ","$314,140,384 "
Pirates of the Caribbean: Dead Man’…,, ,7-Jul-06,Adventure,PG-13,"$423,315,812 ","$544,817,142 "
Step Up,, ,11-Aug-06,Drama,PG-13,"$65,328,121 ","$84,078,780 "
Invincible,, ,25-Aug-06,Drama,PG,"$57,806,952 ","$74,398,864 "
The Guardian,, ,29-Sep-06,Action,PG-13,"$55,011,732 ","$70,801,353 "
The Prestige,, ,20-Oct-06,Thriller/Suspense,PG-13,"$53,089,891 ","$68,289,913 "
Tim Burton's The Nightmare Before Chr…,, ,20-Oct-06,Musical,PG,"$24,732,041 ","$30,737,517 "
The Santa Clause 3: The Escape Clause,, ,3-Nov-06,Comedy,G,"$84,500,122 ","$108,694,869 "
Déjà Vu,, ,22-Nov-06,Thriller/Suspense,PG-13,"$64,038,616 ","$82,267,038 "
Apocalypto,, ,8-Dec-06,Adventure,R,"$50,866,635 ","$64,959,548 "
Primeval,, ,12-Jan-07,Adventure,R,"$10,597,734 ","$12,985,302 "
Bridge to Terabithia,, ,16-Feb-07,Drama,PG,"$82,234,139 ","$100,760,721 "
Wild Hogs,, ,2-Mar-07,Comedy,PG-13,"$168,213,584 ","$206,110,533 "
Meet the Robinsons,, ,30-Mar-07,Adventure,G,"$97,822,171 ","$119,860,589 "
The Lookout,, ,30-Mar-07,Drama,R,"$4,600,585 ","$5,637,048 "
The Hoax,, ,6-Apr-07,Drama,R,"$7,164,995 ","$8,779,196 "
The Invisible,, ,27-Apr-07,Thriller/Suspense,PG-13,"$20,568,319 ","$25,202,168 "
Pirates of the Caribbean: At World’…,, ,24-May-07,Adventure,PG-13,"$309,420,425 ","$379,129,960 "
Ratatouille,, ,29-Jun-07,Comedy,G,"$206,445,654 ","$252,955,933 "
Underdog,, ,3-Aug-07,Adventure,PG,"$43,760,605 ","$53,619,462 "
The Game Plan,, ,22-Sep-07,Comedy,PG,"$90,648,202 ","$111,010,758 "
Dan in Real Life,, ,20-Oct-07,Romantic Comedy,PG-13,"$47,642,963 ","$58,350,234 "
Enchanted,, ,21-Nov-07,Romantic Comedy,PG,"$127,706,877 ","$156,074,310 "
National Treasure 2: Book of Secrets,, ,21-Dec-07,Adventure,PG,"$219,961,501 ","$267,003,525 "
Hannah Montana/Miley Cyrus: Best of B…,, ,1-Feb-08,Concert/Performance,G,"$65,281,781 ","$76,646,993 "
Step Up 2 the Streets,, ,14-Feb-08,Drama,PG-13,"$58,017,783 ","$68,118,371 "
College Road Trip,, ,7-Mar-08,Comedy,G,"$45,610,425 ","$53,550,960 "
The Chronicles of Narnia: Prince Caspian,, ,16-May-08,Adventure,PG,"$141,621,490 ","$166,277,038 "
WALL-E,, ,27-Jun-08,Adventure,G,"$223,808,164 ","$262,771,918 "
Swing Vote,, ,1-Aug-08,Comedy,PG-13,"$16,289,867 ","$19,125,841 "
Goal! 2: Living the Dream...,, ,29-Aug-08,Drama,PG-13,"$225,067 ","$264,247 "
Miracle at St. Anna,, ,26-Sep-08,Drama,R,"$7,916,887 ","$9,295,171 "
Beverly Hills Chihuahua,, ,3-Oct-08,Comedy,PG,"$94,514,402 ","$110,932,022 "
Morning Light,, ,17-Oct-08,Documentary,PG,"$275,093 ","$322,979 "
High School Musical 3: Senior Year,, ,24-Oct-08,Musical,G,"$90,559,416 ","$106,308,538 "
Bolt,, ,21-Nov-08,Comedy,PG,"$114,053,759 ","$133,702,498 "
Bedtime Stories,, ,25-Dec-08,Comedy,PG,"$110,101,975 ","$128,039,679 "
Confessions of a Shopaholic,, ,13-Feb-09,Romantic Comedy,PG,"$44,277,350 ","$49,767,744 "
Jonas Brothers: The 3D Concert Experi…,, ,27-Feb-09,Concert/Performance,G,"$38,174,685 ","$38,174,685 "
Race to Witch Mountain,, ,13-Mar-09,Adventure,PG,"$67,172,594 ","$75,501,997 "
Hannah Montana the Movie,, ,10-Apr-09,Drama,G,"$79,576,189 ","$89,443,640 "
Earth,, ,22-Apr-09,Documentary,G,"$32,011,576 ","$35,981,010 "
Up,, ,29-May-09,Adventure,PG,"$293,004,164 ","$329,336,681 "
The Proposal,, ,19-Jun-09,Romantic Comedy,PG-13,"$163,958,031 ","$184,288,829 "
G-Force,, ,24-Jul-09,Adventure,PG,"$119,436,770 ","$134,246,932 "
Gake no ue no Ponyo,, ,14-Aug-09,Adventure,G,"$15,090,399 ","$16,961,607 "
X Games 3D: The Movie,, ,21-Aug-09,Documentary,PG,"$1,391,434 ","$1,563,976 "
Walt and El Grupo,, ,10-Sep-09,Documentary,PG,"$20,521 ","$23,064 "
Surrogates,, ,25-Sep-09,Action,PG-13,"$38,577,772 ","$43,361,416 "
Toy Story 3D Double Feature,, ,2-Oct-09,Adventure,G,"$30,702,446 ","$34,509,545 "
Disney's A Christmas Carol,, ,6-Nov-09,Drama,PG,"$137,855,863 ","$154,927,105 "
The Princess and the Frog,, ,25-Nov-09,Adventure,G,"$104,400,899 ","$116,316,457 "
Old Dogs,, ,25-Nov-09,Comedy,PG,"$49,492,060 ","$55,503,929 "
When in Rome,, ,29-Jan-10,Romantic Comedy,PG-13,"$32,680,633 ","$34,917,330 "
Alice in Wonderland,, ,5-Mar-10,Adventure,PG,"$334,191,110 ","$357,063,499 "
Waking Sleeping Beauty,, ,26-Mar-10,Documentary,PG,"$80,741 ","$86,264 "
The Last Song,, ,31-Mar-10,Drama,PG,"$62,950,384 ","$67,258,772 "
Oceans,, ,22-Apr-10,Documentary,G,"$19,422,319 ","$20,751,600 "
Prince of Persia: Sands of Time,, ,28-May-10,Action,PG-13,"$90,759,676 ","$96,971,361 "
Toy Story 3,, ,18-Jun-10,Adventure,G,"$415,004,880 ","$443,408,255 "
The Sorcerer's Apprentice,, ,14-Jul-10,Adventure,PG,"$63,150,991 ","$67,473,105 "
Step Up 3D,, ,6-Aug-10,Drama,PG-13,"$42,400,223 ","$45,302,137 "
Gedo Senki (Tales from Earthsea),, ,13-Aug-10,Adventure,PG-13,"$48,658 ","$51,988 "
You Again,, ,24-Sep-10,Comedy,PG,"$25,702,053 ","$27,461,121 "
Secretariat,, ,8-Oct-10,Drama,PG,"$59,699,513 ","$63,781,920 "
Tangled,, ,24-Nov-10,Adventure,PG,"$200,821,936 ","$214,388,548 "
Tron: Legacy,, ,17-Dec-10,Adventure,PG,"$172,062,763 ","$183,619,259 "
Gnomeo and Juliet,, ,11-Feb-11,Comedy,G,"$99,967,670 ","$106,270,797 "
I am Number Four,, ,18-Feb-11,Adventure,PG-13,"$55,100,437 ","$58,574,607 "
Mars Needs Moms,, ,11-Mar-11,Adventure,PG,"$21,392,758 ","$22,741,603 "
African Cats,, ,22-Apr-11,Documentary,G,"$15,428,747 ","$16,401,551 "
Zokkomon,, ,22-Apr-11,Adventure,PG,"$2,815 ","$2,984 "
Prom,, ,29-Apr-11,Comedy,PG,"$10,130,219 ","$10,768,946 "
Pirates of the Caribbean: On Stranger…,, ,20-May-11,Adventure,PG-13,"$241,063,875 ","$256,263,359 "
Cars 2,, ,24-Jun-11,Adventure,G,"$191,450,875 ","$203,522,177 "
Winnie the Pooh,, ,15-Jul-11,Adventure,G,"$26,692,846 ","$28,375,869 "
The Help,, ,10-Aug-11,Drama,PG-13,"$169,705,587 ","$180,404,976 "
Fright Night,, ,19-Aug-11,Horror,R,"$18,298,649 ","$19,452,402 "
Real Steel,, ,7-Oct-11,Action,PG-13,"$85,463,309 ","$90,848,019 "
The Muppets,, ,23-Nov-11,Comedy,PG,"$88,625,922 ","$94,189,503 "
War Horse,, ,25-Dec-11,Drama,PG-13,"$79,883,359 ","$84,762,149 "
The Secret World of Arietty,, ,17-Feb-12,Adventure,G,"$19,192,510 ","$20,325,733 "
John Carter,, ,9-Mar-12,Adventure,PG-13,"$73,058,679 ","$77,372,445 "
Chimpanzee,, ,20-Apr-12,Documentary,G,"$28,965,459 ","$30,675,725 "
The Avengers,, ,4-May-12,Action,PG-13,"$623,279,547 ","$660,081,224 "
Brave,, ,22-Jun-12,Adventure,PG,"$237,282,182 ","$251,292,441 "
People Like Us,, ,29-Jun-12,Drama,PG-13,"$12,431,792 ","$13,165,822 "
The Odd Life of Timothy Green,, ,15-Aug-12,Drama,PG,"$51,853,450 ","$54,914,942 "
Frankenweenie,, ,5-Oct-12,Comedy,PG,"$35,287,788 ","$37,363,513 "
Wreck-It Ralph,, ,2-Nov-12,Adventure,PG,"$189,412,677 ","$200,354,959 "
Lincoln,, ,9-Nov-12,Drama,PG-13,"$182,207,973 ","$192,122,330 "
Oz the Great and Powerful,, ,8-Mar-13,Adventure,PG,"$234,770,996 ","$243,434,130 "
Iron Man 3,, ,3-May-13,Action,PG-13,"$408,992,272 ","$424,084,233 "
Monsters University,, ,21-Jun-13,Adventure,G,"$268,488,329 ","$278,395,641 "
The Lone Ranger,, ,2-Jul-13,Western,PG-13,"$89,302,115 ","$92,597,388 "
Disney Planes,, ,9-Aug-13,Comedy,PG,"$90,282,580 ","$93,614,037 "
The Fifth Estate,, ,18-Oct-13,Drama,R,"$3,254,172 ","$3,374,251 "
Thor: The Dark World,, ,8-Nov-13,Adventure,PG-13,"$206,362,140 ","$213,962,184 "
Kaze Tachinu,, ,8-Nov-13,Drama,PG-13,"$5,201,879 ","$5,367,415 "
Frozen,, ,22-Nov-13,Adventure,PG,"$400,738,009 ","$414,997,174 "
Delivery Man,, ,22-Nov-13,Comedy,PG-13,"$30,659,817 ","$31,787,136 "
Saving Mr. Banks,, ,13-Dec-13,Drama,PG-13,"$83,299,761 ","$86,249,969 "
Need for Speed,, ,14-Mar-14,Action,PG-13,"$43,568,507 ","$44,955,015 "
Muppets Most Wanted,, ,21-Mar-14,Comedy,PG,"$51,178,893 ","$52,807,594 "
Captain America: The Winter Soldier,, ,4-Apr-14,Action,PG-13,"$259,746,958 ","$268,013,076 "
Bears,, ,18-Apr-14,Documentary,G,"$17,780,194 ","$18,346,024 "
Million Dollar Arm,, ,10-May-14,Drama,PG,"$36,447,959 ","$37,607,865 "
Maleficent,, ,30-May-14,Adventure,PG,"$241,407,328 ","$249,089,809 "
Planes: Fire and Rescue,, ,18-Jul-14,Adventure,PG,"$59,157,732 ","$61,040,349 "
Guardians of the Galaxy,, ,1-Aug-14,Adventure,PG-13,"$333,172,112 ","$343,771,168 "
The Hundred-Foot Journey,, ,8-Aug-14,Romantic Comedy,PG,"$54,235,441 ","$55,961,409 "
"Alexander and the Terrible, Horrible,…",, ,10-Oct-14,Comedy,PG,"$66,954,149 ","$69,055,550 "
Big Hero 6,, ,7-Nov-14,Adventure,PG,"$222,527,828 ","$229,249,222 "
Into the Woods,, ,25-Dec-14,Musical,PG,"$128,002,372 ","$130,894,237 "
Strange Magic,, ,23-Jan-15,Adventure,PG,"$12,429,583 ","$12,429,583 "
"McFarland, USA",, ,20-Feb-15,Drama,PG,"$44,480,275 ","$44,480,275 "
Cinderella,, ,13-Mar-15,Drama,PG,"$201,151,353 ","$201,151,353 "
Monkey Kingdom,, ,17-Apr-15,Documentary,G,"$16,432,322 ","$16,432,322 "
Avengers: Age of Ultron,, ,1-May-15,Action,PG-13,"$459,005,868 ","$459,005,868 "
Tomorrowland,, ,22-May-15,Adventure,PG,"$93,436,322 ","$93,436,322 "
Inside Out,, ,19-Jun-15,Adventure,PG,"$356,461,711 ","$356,461,711 "
Ant-Man,, ,17-Jul-15,Action,PG-13,"$180,202,163 ","$180,202,163 "
Bridge of Spies,, ,16-Oct-15,Thriller/Suspense,PG-13,"$72,313,754 ","$72,313,754 "
The Good Dinosaur,, ,25-Nov-15,Adventure,PG,"$123,087,120 ","$123,087,120 "
Star Wars Ep. VII: The Force Awakens,, ,18-Dec-15,Adventure,PG-13,"$936,662,225 ","$936,662,225 "
The Finest Hours,, ,29-Jan-16,Thriller/Suspense,PG,"$27,569,558 ","$27,569,558 "
Zootopia,, ,4-Mar-16,Adventure,PG,"$341,268,248 ","$341,268,248 "
The Jungle Book,, ,15-Apr-16,Adventure,PG,"$364,001,123 ","$364,001,123 "
A Beautiful Planet,, ,29-Apr-16,Documentary,G,"$7,895,708 ","$7,895,708 "
Captain America: Civil War,, ,6-May-16,Action,PG-13,"$408,084,349 ","$408,084,349 "
Alice Through the Looking Glass,, ,27-May-16,Adventure,PG,"$77,042,381 ","$77,042,381 "
Finding Dory,, ,17-Jun-16,Adventure,PG,"$486,295,561 ","$486,295,561 "
The BFG,, ,1-Jul-16,Adventure,PG,"$55,483,770 ","$55,483,770 "
Pete’s Dragon,, ,12-Aug-16,Adventure,PG,"$76,233,151 ","$76,233,151 "
The Light Between Oceans,, ,2-Sep-16,Drama,PG-13,"$12,545,979 ","$12,545,979 "
Queen of Katwe,, ,23-Sep-16,Drama,PG,"$8,874,389 ","$8,874,389 "
Doctor Strange,, ,4-Nov-16,Adventure,PG-13,"$232,532,923 ","$232,532,923 "
Moana,, ,23-Nov-16,Adventure,PG,"$246,082,029 ","$246,082,029 "
Rogue One: A Star Wars Story,, ,16-Dec-16,Adventure,PG-13,"$529,483,936 ","$529,483,936 "
